Coin,Total
ETH,0.12345678
XLM,0.12345678
