Coin,Total
ETH,0.00022397
XLM,18.75901203
