Coin,Total
ETH,1.23415854
XLM,27092.52443275
